"Var1","Freq"
"Taki Taki (with Selena Gomez, Ozuna & Cardi B)",57
"thank u, next",56
"Happier",42
"Arms Around You (feat. Maluma & Swae Lee)",41
"Bohemian Rhapsody - Remastered 2011",36
"Without Me",36
"Shallow",34
"MIA (feat. Drake)",32
"Sunflower - Spider-Man: Into the Spider-Verse",32
"TIC TOC (feat. Lil Baby)",30
"In My Mind",29
"when the party's over",29
"Better",28
"Culpables",28
"Let You Love Me",27
"MAMA (feat. Nicki Minaj, Kanye West)",27
"ZEZE (feat. Travis Scott & Offset)",27
"All I Want for Christmas Is You",26
"KIKA (feat. Tory Lanez)",25
"Sweet but Psycho",25
"Eastside (with Halsey & Khalid)",24
"Girls Like You (feat. Cardi B)",24
"SICKO MODE",24
"Bad Liar",23
"Close To Me (with Diplo) (feat. Swae Lee)",22
"Woman Like Me (feat. Nicki Minaj)",22
"Happy Now (feat. Sandro Cavazza)",21
"Promises (with Sam Smith)",21
"BEBE",20
"come out and play",20
"Kiss and Make Up",20
"Ruin My Life",20
"Be Alright",19
"Better Now",19
"Last Christmas",19
"Mo Bamba",19
"Vaina Loca",19
"Another One Bites The Dust - Remastered 2011",18
"Adan y Eva",17
"Adictiva",17
"Bubalu",17
"Cuando Te Besé",17
"Ella Quiere Beber - Remix",17
"Falling Down - Bonus Track",17
"Imposible",17
"Nothing Breaks Like a Heart (feat. Miley Cyrus)",17
"Toda - Remix",17
"Amigos Con Derechos",16
"Asesina - Remix",16
"Ibiza",16
"Mala Mía",16
"Natural",16
"No Es Justo",16
"PPP",16
"Te Boté - Remix",16
"BAD!",15
"Calma - Remix",15
"Desconocidos",15
"Hipócrita",15
"Quiere Beber",15
"Reggaeton",15
"Santa Tell Me",15
"Lucid Dreams",14
"Ya No Tiene Novio",14
"Créeme",13
"Love Someone",13
"SAD!",13
"Sin Pijama",13
"Youngblood",13
"Always Remember Us This Way",12
"Puntos Suspensivos",12
"Asesina",11
"La Player (Bandolera)",11
"Reggaetón en lo Oscuro",11
"Rise",11
"Está Rico",10
"No Me Acuerdo",10
"Somebody To Love - Remastered 2011",10
"WAKA (feat. A Boogie Wit da Hoodie)",10
"Mocca",9
"Mocca - Remix",9
"Moonlight",9
"Estamos Bien",8
"FEFE (feat. Nicki Minaj & Murda Beatz)",8
"High Hopes",8
"Jingle Bell Rock",8
"Por Perro",8
"Rockin' Around The Christmas Tree",8
"Shotgun",8
"SOLO",8
"Taste (feat. Offset)",8
"Under Pressure - Remastered",8
"Waste It On Me (feat. BTS)",8
"Body (feat. brando)",7
"Chica Paranormal",7
"Déjala que vuelva (feat. Manuel Turizo)",7
"Don't Stop Me Now - Remastered",7
"I Love It (& Lil Pump)",7
"It's Beginning To Look A Lot Like Christmas",7
"lovely (with Khalid)",7
"Nena Maldicion (feat. Lenny Tavarez)",7
"Ni Gucci Ni Prada",7
"Rewrite The Stars (with James Arthur & Anne-Marie)",7
"Tanta Falta",7
"This Feeling",7
"2002",6
"Clandestino",6
"I Like It",6
"MALA (feat. Anuel Aa)",6
"Nonstop",6
"Sola",6
"Wake Up in the Sky",6
"YES or YES",6
"Beautiful (feat. Camila Cabello)",5
"Epa Wei",5
"Going Bad (feat. Drake)",5
"KANGA (feat. Kanye West)",5
"POP/STARS",5
"rockstar (feat. 21 Savage)",5
"Say My Name",5
"Solo (feat. Demi Lovato)",5
"Te Amo",5
"Thunderclouds (with Sia, Diplo & Labrinth)",5
"Beach House",4
"Believer",4
"breathin",4
"Brindemos",4
"Celoso",4
"Cuando Nadie Ve",4
"Darkside",4
"DDU-DU DDU-DU - KR Ver.",4
"Different World (feat. CORSAK)",4
"Do They Know It's Christmas? - 1984 Version",4
"Driving Home For Christmas",4
"Foot Fungus",4
"I Found You (with Calvin Harris)",4
"La Vie en Rose",4
"Me Niego",4
"Me Voy",4
"Mistletoe",4
"No Stylist",4
"Nuketown (feat. Juice WRLD)",4
"Te Guste",4
"There's No Way (feat. Julia Michaels)",4
"1999",3
"4 Uhr Nachts",3
"500 PS",3
"8 Letters",3
"A Través Del Vaso",3
"Allein",3
"Baller los",3
"Cataleya",3
"Diamond Heart",3
"Drip Too Hard (Lil Baby & Gunna)",3
"Electricity (with Dua Lipa)",3
"Fairytale of New York (feat. Kirsty MacColl)",3
"Feuer",3
"Guap Gang",3
"I'll Never Love Again - Film Version - Radio Edit",3
"Ich liebe es (feat. XATAR & SAMY)",3
"IDGAF",3
"Let Me Down Slowly",3
"Madura (feat. Bad Bunny)",3
"Me Dijeron",3
"Me Vas a Extrañar - En Vivo",3
"Meer",3
"Money",3
"Nevermind",3
"O Bebê",3
"On Me (feat. Cardi B)",3
"Perfect",3
"Perfekt (feat. Sofiane)",3
"Sag schon",3
"Shape of You",3
"Skam Koh",3
"Sola (Remix) [feat. Daddy Yankee, Wisin, Farruko, Zion & Lennox]",3
"Tausend Tattoos",3
"Tempo",3
"The Middle",3
"Valentino Camouflage",3
"We Will Rock You - Remastered",3
"What's Free (feat. Rick Ross & Jay Z)",3
"You Are The Reason",3
"等你下課",3
"Árabe",2
"Armed And Dangerous",2
"Baby Girl (feat. Lalo Ebratt)",2
"Back & Forth",2
"BBIBBI",2
"Bella",2
"bellyache",2
"Booty",2
"BUDE LÍP",2
"Bye",2
"CHTĚLY BY TO MÍT",2
"Copines",2
"Devuelveme",2
"Dior 2001",2
"Djadja",2
"DOBRÁ",2
"Duro y Suave",2
"Ella es una G",2
"Empty Space",2
"En Peligro de Extinción",2
"Facetime",2
"God's Plan",2
"Happy Birthday",2
"Happy Xmas (War Is Over) - Remastered",2
"Havana",2
"Hola",2
"Hookah & Sheridan s",2
"HULILA HULILA",2
"I Got Love",2
"I Love You",2
"I'm a Mess",2
"In My Feelings",2
"It's Not Living (If It's Not With You)",2
"It's the Most Wonderful Time of the Year",2
"Just Got Paid",2
"Justicia",2
"Killer Queen - Remastered 2011",2
"KILO",2
"KIWI",2
"Kokain",2
"KOMANDO",2
"KYLL",2
"Leave Me Alone",2
"Let It Snow! Let It Snow! Let It Snow! (with The B. Swanson Quartet)",2
"Llegaste Tú",2
"Lost Without You",2
"Lucky You (feat. Joyner Lucas)",2
"Luz Apaga",2
"Mafiosa (feat. Caroliina)",2
"Me Rehúso",2
"MEGASTAR",2
"Melodien (feat. Juju)",2
"Merry Christmas Everyone - Remastered",2
"Mi Cama - Remix",2
"MILION+ BANDANA",2
"MILLY",2
"Not Steady",2
"Nummer unterdrückt",2
"OBĚŽNÁ DRÁHA",2
"Polaroid",2
"PŘIDEJ",2
"Pure Cocaine",2
"RBB (Really Bad Boy) - English Version",2
"Ready (feat. Gunna)",2
"Rêves bizarres (feat. Damso)",2
"Roli Glitzer Glitzer (feat. Luciano & Eno)",2
"Rolls Sessie",2
"SEDM - Remix",2
"Serenata",2
"Sin Querer Queriendo (feat. Mau y Ricky)",2
"Solita",2
"Sou Favela",2
"Stand Out Fit In",2
"Standard (feat. Trettmann, Gringo, Ufo361 & Gzuz)",2
"STOOPID",2
"Subete",2
"Tan bien (feat. Agus Padilla)",2
"Thursday",2
"Time (feat. Meek Mill)",2
"Tout oublier",2
"Triste",2
"UFF",2
"Uptown Vibes (feat. Fabolous & Anuel AA)",2
"Veneno",2
"Verleden Tijd",2
"VZDUŠNÝ ZÁMKY",2
"X",2
"Z NULY NA STO",2
"告白氣球",2
"體面(電影《前任3:再見前任》插曲)",2
"¿Cual es tu plan?",1
"'Di Na Muli",1
"(一個男人) 一個女人 和浴室",1
"00:26",1
"05:05",1
"1 Phút",1
"10 Freaky Girls (with 21 Savage)",1
"1000 koni",1
"2 Quick Start",1
"3 2 1",1
"366日",1
"5 Sentidos",1
"6 Figures",1
"8 Out Of 10",1
"90MIN",1
"A Canım",1
"A Culpa É Dele - Ao Vivo | Acústico",1
"A fuego",1
"A l'Ammoniaque",1
"À nos souvenirs",1
"Abilli",1
"Aerolínea Carrillo",1
"After Dark",1
"Água de Coco (Prod. Lhast)",1
"Ahora Dice",1
"Ainokatachi (feat. HIDE (GReeeeN))",1
"Air Max",1
"Akala",1
"Algún Día Volveras",1
"Amantes",1
"Amantes de una Noche",1
"Amigo",1
"Amor de Verdade",1
"Amorfoda",1
"An",1
"Anh Đếch Cần Gì Nhiều Ngoài Em",1
"Ant Ragelio",1
"Antes de Morirme (feat. Rosalía)",1
"Anyám Mondta",1
"Anyways",1
"Ao Vivo E A Cores",1
"Aşk Bitsin",1
"Atrasadinha - Ao Vivo",1
"Avenue Montaigne",1
"Ay Tenli Kadın",1
"Baby (feat. Marina and The Diamonds & Luis Fonsi)",1
"Back To You",1
"BAD IDEA",1
"Bae",1
"Bagasje",1
"Báilame - Remix",1
"Balkong",1
"Ballin",1
"Banomoya",1
"Bardzo przepraszam",1
"Bâtiment",1
"BB",1
"Be My Mistake",1
"Bebida Na Ferida - Ao Vivo",1
"Bed (feat. Ariana Grande)",1
"BEEF",1
"Bella e rovinata",1
"Bella y Sensual",1
"Beni Sev",1
"Berpisah Itu Mudah",1
"Best Part",1
"Bestia",1
"Better To Lie (with Jesse & Swae Lee)",1
"Bicara (feat. Monita Tahalea)",1
"Bileklerime Kadar Acıyo",1
"Billets (feat. Ninho)",1
"Billets verts",1
"Bir Derdim Var",1
"Blah Blah Blah",1
"Bling Bling (Oro)",1
"Blue Tint",1
"BOMBAY",1
"BONNIE & CLYDE",1
"Boomerang",1
"Born To Be Yours",1
"Boş Gemiler",1
"BRAZIL",1
"Bruder",1
"Bu Havada Gidilmez",1
"Bukti",1
"Bulong",1
"Bum Bum Tam Tam",1
"Buwan",1
"CABRIOLET (feat. Sfera Ebbasta)",1
"Cafeína",1
"Calma",1
"Cambiare Adesso",1
"Can’t Take A Joke",1
"Capuchon",1
"Cásate Conmigo",1
"Cascare nei tuoi occhi",1
"Catla",1
"Chambea",1
"Chaminé (Zara G)",1
"Change",1
"changes",1
"Chargé",1
"Cherofobia",1
"Chị Ngả Em Nâng",1
"Chłopaki nie płaczą",1
"Cho Toi Lang Thang",1
"Cidade Vizinha - Ao Vivo",1
"Ciumeira - Ao Vivo",1
"Cizí zeď",1
"Clubbed Up",1
"COCA",1
"Collide",1
"Comunque",1
"Control",1
"Coolant",1
"Corazón",1
"Coupé",1
"Creep On Me",1
"Criminal",1
"Crush A Lot",1
"Culo",1
"Da Vinci",1
"Dalida",1
"Dan...",1
"Dansaðu vindur",1
"Darte Remix",1
"Day 1 ◑",1
"Deixa (feat. Ana Gabriela)",1
"Delfin",1
"Dembow",1
"Den vintertid nu kommer",1
"Dengan Caraku",1
"Depardieu",1
"Der' Noget I December",1
"Desenfreno",1
"Devagarinho",1
"Děvče v první řadě",1
"Devia Ir",1
"DI MI NOMBRE - Cap.8: Éxtasis",1
"Diles (feat. Arcangel, Nengo Flow, Dj Luian & Mambo Kings)",1
"Dime Si Te Acuerdas",1
"Dimelo",1
"Dinle Beni Bi'",1
"Dios Bendiga",1
"Dipsiz Kuyum",1
"DISPOVERY CHANNEL (feat. Nitro)",1
"Djamm Queen",1
"Don’t Matter To Me",1
"Dona de mim",1
"Door 'T Lint",1
"Downtown",1
"Dracula",1
"Drive (feat. Delilah Montagu) - Edit",1
"Dünya'dan Atlas'a",1
"Dura",1
"Duurt Te Lang",1
"Dżins",1
"É natural (Participação especial de Bruno Cardoso) - Ao vivo",1
"Échame La Culpa",1
"Ef ég nenni",1
"Ég hlakka svo til",1
"Eina Sem Ég Vil",1
"Eitt lítið jólalag",1
"EL BAÑO",1
"El Clavo - Remix",1
"El Farsante",1
"El Farsante - Remix",1
"El Gil de Tu Ex",1
"Elämänpelko",1
"Elbet Bir Gün",1
"Elevate",1
"Ella Fuma",1
"Em Khong The",1
"Em mới là người yêu anh",1
"Emotion",1
"Emotionless",1
"Escápate Conmigo (feat. Ozuna)",1
"Esperándote",1
"Esta Noche",1
"Euforia",1
"Ex",1
"Fana Merah Jambu",1
"Favela",1
"FEEFA (feat. Gunna)",1
"Fela In Versace",1
"Feliz Navidad",1
"FIANCÉ",1
"Fíjate Que Si",1
"Fiji",1
"Finalidade Era Ficar em Casa",1
"Finesse",1
"Flames",1
"Fóbó (with Þormóður)",1
"Forever Young",1
"FOREVER YOUNG - KR Ver.",1
"Forgive Me Friend",1
"Freak In The Weekend",1
"Freaky Friday (feat. Chris Brown)",1
"FRIENDS",1
"Fuck Love (feat. Trippie Redd)",1
"Fuleragem",1
"Fumer",1
"Fumo Da Solo",1
"Funky Friday",1
"Fuoco e benzina",1
"Füttyös",1
"Gaden",1
"Gady",1
"GANGSTA",1
"Geceler",1
"Genius (with Sia, Diplo & Labrinth)",1
"Giả Vờ Say",1
"Giấc Mơ",1
"Gimme The Loot",1
"Givenchy",1
"Gleðileg jól (allir saman)",1
"Global",1
"God is a woman",1
"Good Luck feat. Maiyarap",1
"Guld Jul",1
"Güzelliğine",1
"Ha Meg",1
"HANABI",1
"Håper Nissen Har Råd",1
"Happy Now",1
"Hata að hafa þig ekki hér (SAMSUNG SESSJÓN)",1
"HENDRIX (feat. Aleksanteri Hakaniemi)",1
"Hetjan (feat. Herra Hnetusmjör)",1
"Hey Ho",1
"High On Life (feat. Bonn)",1
"Himmel På Jord",1
"Hinata",1
"Hindi Na Nga",1
"HO PAURA DI USCIRE",1
"Hoje Eu Vou Parar Na Gaiola",1
"Hola (I Say) (feat. Tom Walker)",1
"Home for Christmas",1
"HONEY",1
"HUTS",1
"I Always Wanna Die (Sometimes)",1
"I Don't Wanna Love You Anymore",1
"I En Stjerneregn Af Sne",1
"I Like Me Better",1
"I'm Upset",1
"Ieva",1
"If",1
"IJskoud",1
"Ik Leef",1
"Ikväll (feat. Ana Diaz)",1
"IL CIELO NELLA STANZA (feat. NSTASIA)",1
"İmkansızım",1
"Intro",1
"Irony",1
"Is There More",1
"Islah",1
"J'voulais",1
"Jackie Chan",1
"Jaded",1
"Jaloux",1
"Jangan",1
"Janosik",1
"Jesus & Josefine",1
"Jocelyn Flores",1
"Jólahjól",1
"Jólin eru að koma",1
"Jul Det' Cool",1
"Jul i Angora",1
"Jul i svingen",1
"Jul På Vesterbro",1
"Julen är här",1
"Juletragedien",1
"JUNGLE",1
"Juon sut pois",1
"Ka Du Ik",1
"Kaerimichiwa Toomawarishitakunaru",1
"KAFA10",1
"Kahit Ayaw Mo Na",1
"Kahit Maputi Na Ang Buhok ko - From ""The Hows Of Us""",1
"Kangen",1
"Kappas Vaan",1
"Karna Su Sayang (Acoustic Version)",1
"Kathang Isip",1
"Kazıdık Tırnaklarla",1
"Kecewa",1
"Kepuraanmu",1
"Keyra (with Þormóður)",1
"Kikadinha",1
"Kisah Antara Kita",1
"KMN Member",1
"Kokonaan Mun",1
"Koldt Udenfor",1
"KUDE BESHE",1
"Kuka Antais Pukille?",1
"Kung 'Di Rin Lang Ikaw",1
"Kwiat polskiej młodzieży",1
"La Cintura",1
"La Discusión",1
"La dot",1
"La fine del mondo",1
"La Forma en Que Me Miras",1
"Lạ Lùng",1
"La Mentira",1
"La Modelo",1
"La Mujer Perfecta",1
"Labirin",1
"Ładni smutni ludzie",1
"Largado Às Traças - Ao Vivo",1
"Later Bitches",1
"LDS",1
"Le code",1
"Leave Me Lonely",1
"Legal",1
"Let It Snow! Let It Snow! Let It Snow!",1
"Let Love Be Love",1
"Like I Love You (feat. The NGHBRS)",1
"Lille Store Verden",1
"LIS",1
"LIV$TIL (feat. Benny Jamz, Gilli & MellemFingaMuzik)",1
"Lo siento",1
"Loca Remix",1
"Loco",1
"Lollipop",1
"Loma de Cayenas",1
"Loppuun Asti",1
"Los Angeles",1
"Louboutin",1
"Love Of My Life - Remastered 2011",1
"LOVE SCENARIO",1
"Lumi",1
"LUNEDI'",1
"Ma 6t a craqué (feat. Ninho)",1
"Machika",1
"Madrina",1
"Magia (feat. Sebastian Yatra)",1
"Mahallemiz Esmer",1
"MALAMENTE - Cap.1: Augurio",1
"Malibu Nights",1
"Małomiasteczkowy",1
"Mama",1
"Mama (feat. Ellie Goulding)",1
"Mama (feat. Kesi)",1
"MAMULI",1
"Maradok Távol",1
"Mary Jane (Radio Edit)",1
"Mauvais",1
"Maybe The Night",1
"Mayores",1
"Me Desculpa Jay Z",1
"Me Gustaría",1
"Með þér",1
"Medicina",1
"Medley da Gaiola - Dennis DJ Remix",1
"Mejor Me Alejo",1
"Mejor Que Tú",1
"Meneo sucio",1
"Menunggu Kamu - From ""Jelita Sejuba"" soundtrack",1
"Mer jul",1
"Mercedes GLE Coupé",1
"Merci",1
"Mesa 8",1
"Meu Abrigo",1
"Mezzo Cocktail (feat. Ugo Borghetti)",1
"Midnight Sky",1
"Midsummer Madness",1
"Milyon",1
"Mina Ka",1
"MINAL",1
"Mine",1
"Miúda",1
"Mob Ties",1
"Moi Anh Vao Team Em",1
"MOLLY",1
"MONA LISA",1
"MoneyGram",1
"Monta nimee",1
"Mosca",1
"MOSTRA",1
"Mõtetes",1
"Mother",1
"Muara",1
"Mujeres",1
"Mula",1
"Mundo",1
"My Boo",1
"My Only Wish (This Year)",1
"Nå er det jul (feat. Murdrocks, Herman Dahl, Isabelle Eriksen, Agnetesh & Stina Talling)",1
"Naháňame šťastie",1
"Najnowszy Klip",1
"Não Fala Não pra Mim",1
"Når Sneen Falder",1
"Narcissist",1
"Ne Farkeder",1
"Nei, nei, ekki um jólin",1
"Nem Tudja Senki",1
"Nến Và Hoa",1
"New Jeans",1
"New Rules",1
"Ngày Chưa Giông Bão",1
"Ngày Mai Em Đi",1
"Nguoi Hay Quen Em DI",1
"Nhung Ke Mong Mo",1
"Ni La Hora",1
"Nice For What",1
"Nie Kłami",1
"Nie Ma Fal",1
"Nilüfer",1
"No Brainer",1
"No Candle No Light (feat. Nicki Minaj)",1
"No Me Llores",1
"No Te Contaron Mal",1
"No Te Creas Tan Importante - En Vivo",1
"no tears left to cry",1
"No Tengo Nada",1
"NÓS2 (feat. Deezy)",1
"Notificação Preferida - Ao Vivo",1
"Novinha Você É uma Flor",1
"Nunca Es Suficiente",1
"Nýr Ís (feat. Euro Gotit & Þormóður)",1
"O Alvo - Ao Vivo",1
"Ocean (feat. Khalid)",1
"oh 9od (feat. Nayt)",1
"Oldu Olanlar",1
"Olha a Explosão",1
"One Drink",1
"One Kiss (with Dua Lipa)",1
"Only Want You",1
"öölaps!",1
"Öpücem",1
"Orbit",1
"Oula",1
"Ours",1
"Outro (Maes / Pure)",1
"Ouvi Dizer",1
"Pa Olvidarte",1
"Pablo",1
"Palasina",1
"Panamera",1
"Parado no Bailão",1
"PARANOIA",1
"Particulière",1
"Pavyon (feat. Ezhel)",1
"Peak",1
"Pensando en Ti",1
"Perdón",1
"PERDONAMI",1
"Pianeti",1
"PIENSO EN TU MIRÁ - Cap.3: Celos",1
"Planeetat",1
"Play",1
"Początek",1
"Poesia senza veli",1
"Polta se pois",1
"Ponle",1
"Popcorn",1
"Positiv",1
"Posso (feat. Max Gazzé)",1
"Posto 24h (feat. Wesley Safadão) - Ao Vivo",1
"Posztolj",1
"Pouca Pausa",1
"Pra Inveja É Tchau",1
"Praise The Lord (Da Shine)",1
"Pray",1
"Prima di ogni cosa",1
"Problemer Sover Ik",1
"Propaganda - Ao Vivo",1
"Punk",1
"Pupus",1
"Qué Tienes Tú",1
"Que Va",1
"Quem Me Dera",1
"Quem Pegou, Pegou",1
"Quiero Repetir",1
"Quiero Volver",1
"Ragaman",1
"Rakas Spektistan",1
"Ramenez la coupe à la maison",1
"Ratas y Ratones",1
"RATATA",1
"Regen",1
"REMEDY",1
"Replay",1
"RICCHI E MORTI",1
"Ridere Di Noi (feat. Luchè)",1
"Rivendell",1
"Robarte un Beso",1
"rockstar",1
"Rockster",1
"RODINA",1
"Romance Com Safadeza",1
"Rulli Rulli Rulli - Nublu Remix",1
"Sa Ngalan Ng Pag-Ibig",1
"Så På",1
"Safari (feat. Benny Jamz, Gilli & MellemFingaMuzik)",1
"Säga mig (feat. Jireel)",1
"Sana",1
"Sana Doğru",1
"Sandra’s Rose",1
"Sapequinha",1
"Sarmaşık",1
"Satu Peluang",1
"Sauce",1
"Saudade Nível Hard",1
"Say You Won't Let Go",1
"Se Piovesse Il Tuo Nome",1
"Se Preparó",1
"Seandainya",1
"Selow",1
"Sem Sal - Ao Vivo",1
"Sendo Assim",1
"Señorita",1
"Sensualidad",1
"Si te vas",1
"Síguelo Bailando",1
"SLIDE",1
"Smpp",1
"Snæfinnur snjókarl",1
"Śnieg",1
"Snjókorn falla",1
"Snowman",1
"Só Pra Castigar",1
"Só Você",1
"Sofazinho - Ao Vivo",1
"Solo",1
"Solteiro Nunca Está Só",1
"Somos - Operación Triunfo 2018",1
"Sopra",1
"Space Cadet (feat. Gunna)",1
"SPARARE ALLA LUNA (feat. Coez)",1
"Speciaal",1
"Speechless (feat. Erika Sirola)",1
"Spiegel",1
"Spunte Blu (feat. Guè Pequeno)",1
"STAI ZITTO (feat. Fabri Fibra)",1
"Stand By You",1
"Starboy",1
"Stars",1
"Status Que Eu Não Queria - Ao Vivo",1
"Story",1
"Stupid",1
"Suave (Remix)",1
"Sucette (feat. Niska)",1
"Suena El Dembow",1
"Summer Games",1
"Sundress",1
"Suomen muotoisen pilven alla",1
"Sur le drapeau",1
"Survival",1
"Suspus",1
"Sverige Vet",1
"Symphony (feat. Zara Larsson)",1
"Ta Plats",1
"Ta reine",1
"Tagpuan",1
"Talk Up",1
"Tamam Tamam",1
"Tänd ett ljus",1
"Tappat",1
"Te echo de menos",1
"Te Gusta Hacerla",1
"Te Soñe",1
"TELÉFONO",1
"TELÉFONO - Remix",1
"Teman Bahagia",1
"Tentang Rindu",1
"Tesla (feat. Sfera Ebbasta & DrefGold)",1
"Teu Eternamente",1
"TGV",1
"Thang Dien",1
"Thanh Xuan",1
"The Mantra (with Pharrell & Kendrick Lamar)",1
"Thick And Thin",1
"Thru These Tears",1
"Thunder",1
"Tiễn Khách",1
"Timer Tot Tien",1
"Tinka",1
"tmt",1
"Toivon",1
"Too Proud (feat. XZT, Suboi & EK) - L1 Remix",1
"TOOTIMETOOTIMETOOTIME",1
"Topanga",1
"Torna a casa",1
"Toy Story",1
"Traí Sim - Ao Vivo",1
"TRAP CARD",1
"Trofea",1
"Trouble",1
"True Colors (feat. Maya Avedis)",1
"Tu Maivais",1
"Tutto tua madre",1
"U.S.A.",1
"UFO",1
"Un Veneno",1
"Una Lady Como Tú",1
"Unica",1
"Untuk Perempuan Yang Sedang Di Pelukan",1
"Unutturmam",1
"Unuturum Elbet",1
"Upp Til Hópa",1
"Usted",1
"Uuh (feat. Branco & Kesi)",1
"Uyan",1
"Vangaveltur (feat. XGEIR)",1
"Vänta tills våren",1
"Vas A Quedarte",1
"VEGETARIAN",1
"Veist Af Mér",1
"Venom - Music From The Motion Picture",1
"Vi Kanke Være Venner",1
"Vibes",1
"Vierasta Miestä",1
"Vingança - Ao Vivo",1
"Voorbij",1
"VRUM VRUM",1
"Vue",1
"Vuelve",1
"Vuracak",1
"VVS",1
"Waiting",1
"Way Back Home",1
"Weak",1
"Weed",1
"Weź nie pytaj",1
"Wherever you are",1
"White Christmas",1
"Who Got The Block Hot?",1
"Wiking",1
"wine slow - Remix",1
"Wonderful Christmastime [Edited Version] - Remastered 2011 / Edited Version",1
"Wonderful Dream (Holidays Are Coming) - Radio Version",1
"X - Remix",1
"X-RAY",1
"XTC",1
"Yak Yak Yak",1
"Yanlış",1
"Yaramızda Kalsın",1
"Zé da Recaída - Ao Vivo",1
"Zemes stunda",1
"Zipette",1
"Zona Nyaman (From ""Filosofi Kopi 2: Ben & Jody"")",1
"Zum Zum",1
"Þú komst með jólin til mín",1
"Мокрые кроссы",1
"אוהבת אותי אמיתי",1
"ברגעים שאת הולכת",1
"יש ימים",1
"לא מבינה עברית",1
"לשוב הביתה",1
"מאושרת בלעדיי",1
"מתפוצץ לי הראש",1
"צבעים",1
"קירות",1
"רחוק מכולם",1
"שיכורים",1
"שני משוגעים",1
"ครึ่งๆ กลางๆ",1
"ความเงียบดังที่สุด",1
"ความรักกำลังก่อตัว",1
"ความหมาย (เพลงประกอบละคร พรหมไม่ได้ลิขิต)",1
"คำตอบ",1
"งู้ยยยยยยยยยยย",1
"จริงๆแล้ว",1
"เจ็บน้อยที่สุด",1
"ช้ำคือเรา - Version สมอารมณ์",1
"ซ่อนกลิ่น",1
"ดูดี",1
"ได้ข่าว (Breaking News) feat. CDGUNTEE",1
"ติดตลก",1
"นอกจากชื่อฉัน",1
"นอนได้แล้ว",1
"บอกตัวเอง (feat. โป่ง หินเหล็กไฟ)",1
"เป็นไรไหม?",1
"เป็นอดีต",1
"ไปเถอะ",1
"พูดไม่ออก",1
"แพ้ทุกที (LOOPER)",1
"ภาพจำ",1
"ภูเขาบังเส้นผม feat. TWOPEE",1
"มีผลต่อหัวใจ",1
"ไม่ใช่ฉัน",1
"ไม่อยู่ในชีวิตแต่อยู่ในหัวใจ",1
"ยอม...ปล่อย",1
"ยิ้มก็พอ feat. Wonderframe",1
"ลาลาลอย (100%)",1
"ลืมกันแล้วหรือยัง",1
"สุดท้ายก็หมา (feat. เด็กเลี้ยงควาย)",1
"เสือสิ้นลาย",1
"หนึ่งคืน",1
"หมอกร้าย",1
"อาวรณ์",1
"アルペジオ",1
"キセキ",1
"どんなときも。",1
"ハナミズキ",1
"まっしろ",1
"マリーゴールド",1
"ワタリドリ",1
"一個女人和浴室",1
"今夜このまま",1
"但願人長久 - 劇集 ""跳躍生命線"" 插曲",1
"倒數",1
"別𠱁我",1
"勇悍‧17",1
"君はロックを聴かない",1
"回憶的沙漏(10週年版)",1
"在月台上等你",1
"在青春迷失的咖啡館",1
"如果雨之後",1
"小さな恋のうた",1
"年少有為",1
"幾分之幾 - 電影<花甲大人轉男孩>主題曲",1
"恋音と雨空",1
"愛をこめて花束を",1
"愛を伝えたいだとか",1
"愛唄",1
"慢慢喜歡你",1
"我們 - 《後來的我們》電影主題曲",1
"我還年輕 我還年輕",1
"打上花火",1
"教我這麼愛下去",1
"新宝島",1
"春秋",1
"有一種悲傷 - 電影《比悲傷更悲傷的故事》主題曲",1
"永遠飛行模式",1
"浪子回頭",1
"浪流連",1
"演員",1
"漸漸",1
"生きていたんだよな",1
"百年樹木",1
"耳朵",1
"說散就散",1
"貴方解剖純愛歌〜死ね〜",1
"追光者 - 電視劇夏至未至插曲",1
"連名帶姓",1
"那一夜",1
"那些你很冒險的夢",1
"青と夏",1
"鱗(うろこ)",1
"龍舌蘭",1
